,PCA1,PCA2,target
0,-3.1389603426432005,0.660234335997279,0
1,-2.4502441544781695,0.4377849061050816,0
2,2.287501695948682,-3.959192844652164,1
3,1.410567529969113,-2.932734996595273,1
4,-1.812847084086091,4.506603057751971,1
5,3.5285942430389885,-3.746891075053634,1
6,0.05578113956567199,-4.325589414421589,1
7,1.9282714744118548,-0.12862186186334768,1
8,-0.12056611732495592,6.929242096485899,0
9,-5.179448058482859,-2.695411883621992,0
10,-1.8827311852803383,2.04384979138914,0
11,-1.9810436493835952,1.7636585216408145,1
12,0.3499579331413658,-3.177507793884682,0
13,-2.651007039244692,5.815368362817606,0
14,-1.3118434014264693,-0.5006086005813841,1
15,-1.2552741037879596,2.0808917082866056,0
16,-2.1419335209396477,1.404006205615707,0
17,3.3410383217007142,-1.9145244767080785,1
18,-5.356385770909252,-2.1238712045644683,1
19,0.6273544692767579,-5.134869699829739,1
20,-0.5628490078872179,-2.8924213471365032,0
21,-0.36859620521918646,2.537305319158859,0
22,-2.3609900797697625,4.1452736782524084,0
23,11.882208912104261,-2.469820763588228,1
24,8.169567849422016,-3.3266715069574833,1
25,-1.4143315201457596,-5.897775027860879,1
26,0.7700983128464098,2.2556519047091905,0
27,4.795876518163808,-4.641192502576311,1
28,5.050084429516838,1.7175906663779847,1
29,-2.6593587160919565,3.311226045083905,0
30,4.033550854795477,-4.281858970046002,1
31,-1.0515160188032886,-3.431639669421085,1
32,7.14298546108685,-1.5070914613356163,1
33,-3.475943172796857,3.8124445726845284,0
34,9.038795494800759,-6.564221288203322,1
35,-3.155402327716453,-0.5130343658902627,0
36,1.9685056637375125,3.384280991217249,0
37,-3.8410225690436324,0.9547428000603528,0
38,-1.924057379089693,-0.05671968150474066,1
39,0.4888169290204778,-1.611165926054967,1
40,-2.5692904834138917,-5.096190360795003,0
41,1.4674398509991153,0.12444130201384762,0
42,1.3997570791979046,-0.22040579059015997,0
43,-1.3510783874271988,3.3179537912107957,1
44,-1.7715490046708648,2.9015238506926004,0
45,-0.34707105982742625,0.936555639367231,1
46,-2.132159360763763,-6.409673972767257,1
47,-4.840245232926356,3.1977147330779294,0
48,-1.8065973697586921,3.398558173291809,0
49,4.316662098945903,-1.483079388246494,1
50,3.404209568781169,-0.9695065315772529,1
51,-4.77727797298375,3.2898281323833114,0
52,-5.07686650107407,-4.136081005422323,1
53,-0.1905420289273565,8.600437217927743,0
54,-2.0431209549395435,7.60384416493331,0
55,-10.817889530704775,4.082709378867003,0
56,3.0026214998615623,-1.6719092617501041,1
57,2.8022205333312655,0.5859664217288227,1
58,-0.07847366236621622,-1.9396570127146529,1
59,-3.2917976780303206,-1.4456669477294848,1
60,2.638682518349496,-4.0318922517908895,1
61,-2.919360239102664,-9.755714302336377,1
62,-3.7756461437609357,5.648144701791757,0
63,-2.271173369958291,-4.091394034653825,1
64,-0.3428889933962922,7.3543386538985684,0
65,0.5380122823519853,-0.7026508558906386,0
66,0.7480783636529479,1.6970441374805634,0
67,-1.0826023264291758,-11.15573477028156,1
68,1.151733713934639,-1.7798745752908915,1
69,-1.0703053542700713,3.895955800256628,0
70,-1.3373560284609063,-2.701830261110461,1
71,-4.523221098875673,-0.759077769086757,1
72,-0.33088502733632463,4.814656882245529,0
73,-5.9514536634430195,6.232803808494241,0
74,5.608403896602398,-1.6631590391706736,1
75,-2.194600873847023,-6.233511335674135,1
76,2.257295911770968,-2.9827014070157456,1
77,-0.31534154672352566,6.965516544743206,0
78,7.655466375336564,-6.742419382330277,1
79,-0.9645950909980852,-3.9469848359498734,1
80,-3.5268215698362564,7.819364966272849,0
81,4.605155914256037,-8.252483877420095,1
82,-2.462528245089141,2.35851131909583,0
83,-5.354250107441419,2.1867925289000203,0
84,-1.1164916202057076,4.20681477379264,0
85,-2.632154745307488,3.1190452796409405,1
86,1.0861723899201725,-4.463532372215903,1
87,0.24621542450379175,2.49009935060025,1
88,-3.5072509648350136,4.155769390992726,0
89,-2.73461638397377,1.8366220518995369,0
90,-1.2118718227478562,6.578030115052195,0
91,-1.639380051004728,6.34248070734643,0
92,-1.371366868484561,4.163182445029215,0
93,-3.6457262138905664,5.066141962903977,0
94,0.31225688788963835,-2.552154343184955,0
95,-3.1967157734149825,1.3536326194382633,0
96,4.910027102548936,-5.631645746342546,1
97,2.621582637257925,3.172927671402289,0
98,2.31436589376663,-5.952794649085128,1
99,2.886382142795839,6.964681917202473,0
100,1.284280764489436,4.104935640079573,0
101,2.1216822480680446,-2.010962237166933,1
102,3.721195280663498,-4.273283782273607,0
103,0.7121761650722254,-1.91124590186728,1
104,-2.3207269221486104,3.2379970910906306,0
105,-0.9359545555499867,8.205807521603411,0
106,5.346738559413383,0.6527815508609646,1
107,0.5904709515914194,6.858587513149613,0
108,3.32853945520448,-2.8032955582240673,1
109,5.015791699459829,0.9495904109005799,1
110,1.360192340523421,1.684203090487075,0
111,6.155032509811037,-7.1955533283566755,1
112,-1.0386766039906414,1.2483664949070135,0
113,8.76755166212983,-6.634437571503666,1
114,-2.363439441564334,-2.649640828447262,0
115,-1.9959439397042276,3.158087533976419,0
116,2.262235657748483,-1.3204065787252333,0
117,1.2997680863998347,-1.1251074495322053,1
118,6.13619232733358,-2.440231233867146,1
119,-2.4688383673855654,4.790633714828468,0
120,4.50194894523218,0.3449474173511513,0
121,5.720168389180772,-5.56459418527988,1
122,5.419104503811159,1.179306610296208,1
123,1.350606504789535,-2.9801249358032185,1
124,-2.4650792413705793,4.179773687130025,1
125,-3.467360858787094,-1.230480923646236,0
126,-0.17314371452844285,-4.753366196342541,1
127,-4.719935649600136,7.890206842739703,0
128,0.4461746098857384,-3.034491672054133,1
129,-1.2992478719142133,-1.483187762382735,1
130,-3.3952728448250964,0.8942742031513466,1
131,2.5413122077427133,1.2928254471778189,0
132,-1.818804744572462,-6.061533797414256,0
133,-4.456447432693448,3.7625467953650586,0
134,4.6305722527945985,-0.2623379905333767,1
135,-5.0808321145861175,4.9326627417667925,0
136,-0.14354916064087808,-2.552957848853416,1
137,-2.081310817903767,-3.1252336363859397,1
138,-3.9323590234674457,6.147843517372767,0
139,0.5551972153211097,-6.81986383944,1
140,2.494750950139753,2.0743776705315353,1
141,-0.044869430420779954,-2.3680397473689503,0
142,2.5713191238846083,-1.5334134031410778,1
143,-1.49914318397347,-1.6585600884405425,1
144,-7.60362304283685,1.2903480383851578,0
145,6.473789606896586,-1.2350008641143073,1
146,0.732275295876732,6.056073048306105,0
147,3.699479566014168,-3.0746977957730164,1
148,0.8960640963901406,-7.221105242751813,0
149,-4.667424952087532,4.860836588769461,0
150,-0.7009094203623633,6.596553953797266,0
151,-1.4942687971244917,1.2308320332837024,0
152,-4.048442542106401,6.125726545945001,0
153,-3.66815886176329,4.471794809178789,0
154,-1.6155142377673506,5.717192156387313,0
155,1.4720536641119288,-4.856289629119651,1
156,4.072670336170911,-3.5165120528970624,1
157,-2.502108906602484,4.707937407193292,0
158,0.13382771030205043,-1.390809443423239,1
159,-2.66850781847418,1.073295126777794,0
160,-2.687735189180505,-0.5527188424457294,0
161,-1.6925933531214805,1.323181430027584,0
162,3.9172824633260626,7.192163710263234,0
163,-2.098466092977295,4.138442410416154,0
164,6.338998400846715,-3.4332458932891097,1
165,-1.0520573020649149,1.1986868545711358,1
166,1.3343882743023376,4.011275618789224,0
167,6.701608725723952,-2.673121940518794,1
168,-2.824321459364311,-3.529079075242356,1
169,6.496126773678224,4.168166645595648,1
170,-3.506354731655868,4.541943303328849,0
171,2.9955466990731754,-2.2573948535510255,1
172,9.948764766571728,-4.313010083540603,1
173,1.1766393316731527,1.329949183334361,0
174,2.1074955279871137,-3.986814482610665,1
175,-1.1725338662463407,0.20636003900302147,1
176,4.261563018557116,-0.4484922734945831,1
177,-2.5143286147725554,2.4002716266893542,0
178,-1.3763244021851908,-5.026189187964808,1
179,1.7091036907237875,3.003370822852574,0
180,4.892502567000868,-3.6898499736754,1
181,1.4815861781938762,-3.6987152118518125,1
182,-3.213384887395935,-1.3490973908398438,0
183,-8.063535722173654,3.515984019781608,0
184,-2.801355196570925,1.7619401136312223,0
185,3.517134893893872,1.5147118173237408,1
186,2.4924404607782606,2.019123057528849,1
187,3.3533902670381313,-6.4026494032066665,1
188,9.055085134834496,3.1924884226776635,1
189,-1.0910875926677253,-2.457291340879421,1
190,-5.1622258498798095,6.223973376515915,0
191,2.9747373628317675,-2.3220091077102154,1
192,-5.425149241135132,7.623498355831603,0
193,-0.953433997756765,-0.029044197677001282,0
194,5.160907427728755,-1.3787411400964338,1
195,-2.928994012107482,-0.23066007189681903,0
196,-1.5660829960267288,-2.1146293492255195,1
197,-2.3311215946652144,5.4636695240736515,0
198,0.14383224807018624,11.435040711866138,0
199,0.2361917515058265,-5.055364774149508,1
200,2.807172217799543,-2.611423086643016,1
201,0.3390983680864658,-5.977047868462663,1
202,-1.3877157581766086,-5.512843371153966,1
203,-1.5451551172160227,-6.85417560433857,1
204,-1.5541028133276686,2.554873539971026,1
205,6.172460999387274,-3.311649605023817,1
206,-2.200462516960765,-0.5487157210154021,0
207,-0.36349954040501165,0.2779568419949364,0
208,0.5907333184342133,6.1173535221802195,0
209,-3.2772407811457027,-0.6375597142558385,0
210,3.8408554637719785,-6.867122206974685,1
211,-2.478118538280767,-0.7098001022198961,1
212,-0.43604604048260054,-4.602142820499472,1
213,1.2686784035911165,0.5474974160992547,0
214,-1.4906079077314816,3.4783503634423534,0
215,-4.716487772316031,2.1484660938489295,0
216,-4.444992726411337,0.5895485955430125,0
217,-1.0235031228484504,-3.0239987274807634,0
218,-0.8195939570224045,-1.024247753020797,0
219,-4.615820798721902,4.281414479481374,0
220,-5.401649652378776,5.35904644847759,0
221,2.205887645100896,-6.361921589089213,1
222,-3.58867193000886,5.148461659109107,0
223,-7.785662661895187,7.122744264385975,0
224,-0.48521512760928975,2.1040258463095336,0
225,2.4149968098851384,-5.244615389547793,1
226,2.396034539603915,1.1236465659887027,1
227,-0.686683004639622,1.1668716406813384,0
228,1.2009508937846967,1.1191463859722997,1
229,-5.109015497056696,4.876743966115484,0
230,2.5901939896613095,-5.774729425890725,1
231,1.0886437168659497,-7.055497039389772,1
232,-0.16651432487159767,-1.2815269042507527,1
233,-0.8354413399773815,-3.6291238383802926,1
234,0.5170415406633723,-2.5406167929779846,0
235,4.051922040297347,-5.756490686155924,1
236,-1.4127399439896398,6.839612737583991,0
237,-5.913428308688277,-1.05656819499036,1
238,1.4406598327082865,-1.3405014158007045,1
239,-3.6026921910247722,8.475485692379326,0
240,2.3324181328243574,0.07969226802771523,1
241,-1.6130748926833975,-3.577016193764793,1
242,3.93802530169271,3.464128571582431,1
243,0.8768390620778562,-6.197472858965848,1
244,3.7519579705145385,-2.2068854507115896,1
245,-3.073753794658994,2.4991864109712143,0
246,0.1648488998060399,2.787418921519556,0
247,-1.7165022053781862,-6.1781355074589515,1
248,1.854614045851424,-6.75822693750143,1
249,7.9562733854410705,0.9580669888010367,1
250,0.2737786499605981,4.952891676331857,1
251,-4.599380752251856,5.05657165001797,0
252,0.941547065812708,0.477208094571273,0
253,0.8861792933585928,1.5169084534221378,1
254,1.4949924748491341,1.2234029515514264,0
255,3.333663375062738,-7.778149470444118,1
256,-0.43179101378363116,5.0757765456876,0
257,1.888310728069279,-2.6659083000639194,1
258,11.0267423837699,-6.770845210966133,1
259,2.856632036572731,-3.2202669632076186,1
260,0.4520658811746261,-4.8938385050265465,1
261,-4.8187567452176046,7.11501845392014,0
262,7.980669115991624,-4.406558889355889,1
263,-3.025901274980982,3.3706382885049058,0
264,1.5183730182911641,-4.205715111427343,1
265,-1.3018594636360616,2.7662906155377005,0
266,0.706250877067615,-6.96982339311646,1
267,-1.6412232632208577,1.6055991327077987,0
268,-0.18215902412231166,-3.9961402065760603,1
269,0.5438511789666458,-3.2903996285504795,1
270,3.8202325308640677,0.7249469035065146,1
271,-0.6691443308132499,2.3930796510569246,0
272,3.5124098946875186,-2.794916181752884,1
273,2.314553748024194,-4.267076150187569,1
274,1.1334737807121735,-3.8458023318731747,1
275,2.755667453966711,-2.3657052737420523,1
276,5.242311291172038,-1.7927663503424554,1
277,6.147939583172064,-9.1589449327616,1
278,5.386963633236582,1.5624992778667102,1
279,0.1665432150325672,4.0861869787521305,0
280,-4.138051219202023,0.4219503782960694,0
281,0.18918145707657952,3.211108264351733,0
282,1.355142273311209,-2.9099508102203515,1
283,4.610403927300346,-5.05985862680828,1
284,5.835620871503911,-5.589878182283209,1
285,5.53843342854978,-2.4086428009448113,1
286,-3.019878232504632,-0.344463911793607,0
287,-0.9071237357047868,-2.6139922396056585,0
288,-4.218417405843935,1.9450993881597358,0
289,-3.890555093895819,2.0174691036531622,0
290,-0.3029648501836061,3.622353404240511,0
291,0.5323070471805795,-0.280566883839926,1
292,1.7227233726920124,-2.8281073175760487,1
293,4.692336652381858,2.3511548760584784,1
294,5.9884928595476286,-7.085842051341361,1
295,-2.2673232931363527,0.7077265284299438,0
296,-8.369421376390108,1.4094217306555736,0
297,0.9282516642017962,-2.234690015534271,1
298,-3.7102957254795523,2.350398983984092,0
299,0.51804408342969,-2.2015137848018673,1
300,-4.572094824710198,3.9118809146553852,0
301,4.625766732171981,-1.9467104816442289,1
302,-5.782761041450226,3.6331627225455456,0
303,-0.0008270087437929341,1.1684636265772261,0
304,3.252023133359655,0.4939538981539989,1
305,-7.721574356091545,0.36476298151551534,0
306,7.225655154173861,-6.472327052273691,1
307,0.4330715270484884,1.6308019783634333,1
308,-1.7629750554452288,3.368586408551317,0
309,9.357690586397144,0.8717172571263776,1
310,2.456967880427202,2.0696160159785384,0
311,-2.5810402712430323,5.601780580316804,0
312,-3.80126073950721,1.0638819331648643,0
313,-2.1361130815743996,0.059073757200108545,1
314,-6.354998251963586,2.1788021213848223,0
315,5.768596638253326,-3.6180447892134495,1
316,-1.0325262336221233,-4.854179304118979,1
317,3.1069529346829814,-3.5482700509533496,1
318,2.8793252576119492,0.36039123169502885,1
319,2.931136121039841,-3.0567755385833126,1
320,-5.65707737099724,6.7642705846177655,0
321,-6.157906503802588,0.8455445394858103,0
322,-0.26226209780160614,-2.663840096962125,1
323,3.670549787911747,2.1167277628809984,1
324,4.829055249162682,-7.135218426556061,1
325,-0.9336477684908886,-3.7933419038366685,1
326,-0.8813893752922017,0.32370830474132317,0
327,2.0673276161404313,7.395328216109507,0
328,-3.71014619492208,2.670854403755886,0
329,-4.512746581905385,-6.904705110511897,1
330,-7.286567677319182,-0.22097207452194412,0
331,3.790305058293676,3.6672848968060325,1
332,-4.169693706682802,1.790950162521717,0
333,1.8627882039957933,-3.4750055945227416,1
334,1.7652250436489152,2.8315103941895066,0
335,6.414438126411648,1.025678203614783,1
336,-3.3306796527757654,-1.6164312576806652,1
337,-3.988782408712357,4.922826468583301,0
338,-1.702827726335138,7.131738621273527,0
339,-7.957985428408282,1.3361275666328316,0
340,0.644880240335248,0.7057535145688147,0
341,2.8921595111410676,4.202821104295724,1
342,4.448548656771504,-0.4273174759106154,0
343,3.7030721358457033,-5.629906986696861,1
344,2.105661192369645,-4.463324660598198,1
345,-1.3938543937684544,-0.7733141336667664,1
346,0.9681436652937025,0.1915972417025582,0
347,6.581424826751499,-3.393447222797107,1
348,5.74590457700398,-4.174352549671271,1
349,-1.3012834081654765,0.6689039514704664,1
350,-2.8221659562095933,4.2896496489066855,0
351,-1.1101236596332609,5.7672642715116895,0
352,5.166750973854901,1.7453926087082468,1
353,4.670639523848808,-9.449857312314196,1
354,-0.8093141020951268,5.311421903175554,0
355,2.538006976614799,-5.566332548821783,1
356,1.6725168184739239,1.3108239185637505,0
357,-4.937903517476269,6.668448505190858,0
358,-6.672084128616866,3.926760503127765,0
359,12.01467673534892,-1.1536380664282313,1
360,-0.5498680887252934,-0.3593904089819543,0
361,-1.5319329366680137,6.911515311289021,0
362,0.6965713651441848,-0.8399684233732183,1
363,-8.281233075964337,0.2657014252796086,0
364,1.7886261814835611,0.09421777641213636,1
365,0.35738378235991175,-3.9550607860156224,1
366,4.803546859215059,-2.759494779624777,1
367,-0.30032606728937794,-2.8846359866583784,0
368,1.4557226144185378,-1.2561410060709186,1
369,1.2959533430428218,2.113681888844547,0
370,-0.8511519069424729,-0.33329846779585726,1
371,6.353738470834859,-0.14533907724917494,1
372,-1.8172723863753764,-4.511192489404565,1
373,-4.7583896498644,3.1608978630942888,0
374,-2.207875702842202,3.9435620568565843,0
375,-7.958812304492177,0.4580532457658828,0
376,1.9878685044576256,-2.89952923857255,1
377,-4.909064536202791,4.930526130846969,0
378,-5.22466451117937,4.909945764097816,0
379,3.9143341241044878,-5.667037052978067,1
380,-0.0985599160326518,1.0431783337764324,0
381,-1.3572882984404944,-2.9646995804567435,1
382,4.010654865338237,-4.43288192720635,1
383,0.042922910089357,2.892875453522433,0
384,2.4059670763873617,-7.171045993814102,1
385,3.399151935286539,1.235998451820591,0
386,-2.217109471693468,6.560049668345596,0
387,3.518261090883102,1.5745280945547908,1
388,0.7948512414978467,-2.6206309750032064,1
389,-1.0157582473725768,-0.8450549136935657,1
390,0.7128627465255475,-2.1705184429003035,1
391,-7.821249566361876,-0.8414717126565492,0
392,-3.842207929503074,5.636312616356255,0
393,3.8542531880055666,-7.97884328332802,1
394,3.8597607614713034,-1.7303974950854795,1
395,-6.367072422654957,4.5356909754200565,0
396,0.20864019268049153,3.6677108525944506,0
397,0.9567404558951847,-6.128796471587107,1
398,2.376810428861653,3.974768203115385,0
399,4.720065298899281,-5.196958094011296,1
400,-0.26856064905761623,-2.355882007189351,0
401,0.9850087507751867,-2.5836548842508322,1
402,10.506608004637876,-1.8910176211560334,1
403,3.9639897587167217,3.085022327635452,1
404,2.047099564757585,6.2950651502037855,0
405,0.3872443865435091,0.8896957783520074,1
406,3.646610099997371,-1.9987585813243451,1
407,-3.147257581347147,-0.42798757728636583,0
408,-1.7836452406439824,0.4839161874470108,0
409,0.4150593334707673,-2.452654024710971,1
410,3.3901428710459744,-5.136902959182567,1
411,1.713939089816071,1.7429065046359105,0
412,3.0300035156895646,-2.770989066079336,1
413,-2.1660578456771256,-3.2005831318527993,0
414,0.9728604139734616,5.012629571854077,0
415,3.9333626759964853,-3.215502821571863,1
416,3.464956840074805,-4.448019287731853,1
417,-5.043979016492126,6.22682121501691,0
418,-1.9345069178803302,0.31474451616377386,0
419,-0.4358352429820881,-2.4453960718325285,1
420,1.2902274346433749,-3.201000485838409,1
421,0.378684381809006,0.29552161318215076,0
422,-0.24605080046127703,0.8901654644322248,0
423,1.6264425812430465,8.307080591151383,0
424,-0.23188636170368238,1.543850797327082,0
425,3.9201691306079884,-4.708293085276889,1
426,-1.6111035345179823,4.911736114937907,0
427,2.062358407146288,0.8401320107612427,1
428,9.387161689189881,-3.514998191484383,1
429,-3.046340091480218,-3.8427442631176856,1
430,-0.7306465762437926,-5.179490543179064,1
431,1.1882630298048877,4.112880072944531,0
432,2.0658183939305967,-0.8798074179408952,1
433,-1.7238455532324828,9.366597111324333,0
434,3.88054034696352,-4.8817719469652054,1
435,-0.10662341722187074,-2.596262924261708,1
436,1.3315059877941309,4.458615093431211,0
437,-0.4868551382794797,5.973978186420969,0
438,-1.0241985058985412,3.9022676427827045,0
439,-0.39541290577257326,4.708850730755333,0
440,-0.9083966498340705,0.4217042243571173,0
441,-1.5399736736965282,-3.4190307329053367,1
442,-3.801326741162873,-0.3145477823528627,0
443,1.8472614588332037,-1.49262820787842,1
444,6.1917872075025855,-3.143022175938611,1
445,1.140944197174761,-6.821292607026177,1
446,6.574542207791975,-1.0130897099796823,1
447,2.036947714374008,-3.2198207628894937,1
448,-1.152560008720679,-4.742002053440216,1
449,-8.080252713612044,0.850639540244185,0
450,1.028356314237456,5.232688901839921,0
451,-0.5300520516364803,-4.012449986356025,1
452,-4.059201848926788,3.285270507817309,0
453,-8.385769285702295,-4.549307079434243,1
454,0.12283913668017038,-1.5851523677497927,1
455,-0.6149985903796146,-1.146979397419247,1
456,3.612167275042049,-1.8813552664776187,1
457,-1.024423266036852,-3.145235312523518,0
458,-4.380622216576124,0.2844596576741504,0
459,1.9897635468915524,3.824093698837969,0
460,-3.845496090886991,2.8202061805587775,0
461,-1.2797230558650914,4.258868316659675,0
462,4.105816479895641,-0.29960936747706546,1
463,-1.1747380100297287,2.7146069475634165,0
464,-6.824725993265119,8.315101659704048,0
465,1.8904025144624639,-2.7458878479999766,1
466,-2.3555427076180426,-6.147555860625709,0
467,-4.310798317182416,2.075023631542545,0
468,2.1141110998349024,2.283698500202851,1
469,3.8887592789678713,-9.911759721253905,1
470,1.11277748749383,-0.04690558016555024,1
471,2.0845793522684266,-0.6323185072053561,1
472,0.2222520574352156,1.9800114995029527,0
473,5.377762608542993,2.0637306156461603,1
474,-2.609512271189808,3.0435193029617538,0
475,0.7395907677560539,2.212491196541177,0
476,-3.8882775753219674,4.873740937477186,0
477,2.7325012977593555,-2.2837089457123128,1
478,1.3440508553016521,-7.806590146312136,1
479,-1.3909200093931067,-5.14637142514247,1
480,-6.082959043900157,0.7449037205744344,0
481,-5.950667966321529,5.721139951012659,0
482,-2.6715189032231574,4.496385085755593,0
483,-2.4054588752480823,1.709375000773444,0
484,2.4423984007386847,-2.3552979321145013,1
485,-0.3685501271967013,3.789626504843098,0
486,0.07197878208503461,0.17009086358550207,0
487,-5.111585656841175,3.276995807932507,0
488,-2.0938316675821196,3.4334632792045054,0
489,2.6031825271666316,-6.370463440209477,1
490,-6.29795472970571,-3.222421398450808,0
491,5.147457369732311,-0.1212099324879059,1
492,-3.6161540822954006,-2.0625345178576238,0
493,4.35488032593091,-1.720790761957459,1
494,-2.3428399169542065,0.2374548498682727,1
495,-2.5368953815015702,5.20018474613258,0
496,-6.630038181680403,3.2837158312393564,0
497,5.226231151046086,-2.962180843375352,1
498,2.0945695881171504,-5.5320451562720425,1
499,-5.235200607275794,6.540100110470488,0
500,1.1534541491669004,-0.2638133676322172,1
501,2.257008556456652,-1.5911913725922224,1
502,-1.5496449754549249,6.569699817084857,0
503,-3.8550088092324253,4.664447457004906,0
504,3.388551980738007,-8.555982464180062,1
505,-0.23453300089888796,4.167737868944621,0
506,2.9538498883207653,-4.430758310299031,1
507,2.7106468840135083,-0.8036070055316953,1
508,-7.870322785867636,0.437899730357336,0
509,-3.077279244461268,6.382046949068621,0
510,-2.7968260482607477,-4.888766042051792,1
511,-0.37392768561182566,-2.391050031804602,1
512,2.1183178111572554,2.6770495349792744,0
513,0.010739614996246205,5.589926824280968,0
514,-2.2441535835631408,1.5650279808229184,0
515,0.7605177893194112,5.946583106525177,0
516,-2.508795374552237,0.7187631105488919,0
517,5.850727924790113,-8.229055085754997,1
518,-0.6575759484359689,-2.2120203417660145,0
519,3.91835793196433,-1.515868870772819,1
520,-7.01838833427489,8.776644016993725,0
521,-0.1656087374466022,-1.6944444001987993,0
522,-3.32028250527416,-0.20049272481742175,1
523,0.6554294573450177,3.5493043168457876,0
524,-1.3384497140389406,2.425064326646728,0
525,-1.3802207845337722,-6.1307104158621275,0
526,1.874197673523411,0.4756986004585919,1
527,0.34072256394851297,-2.7359459312967287,1
528,-5.541931280170498,-5.294347257663496,0
529,3.749585294826838,-3.520260935113724,1
530,2.9937372110577094,-0.1842832812079831,1
531,-2.505274920440304,-3.863265437873837,1
532,1.6713987763152218,-0.7068935916514385,1
533,-3.313801070654149,-1.7221801023943735,0
534,4.292546244628775,-2.4947913433028255,1
535,0.4626880555165731,-2.133572169141306,1
536,0.3376753516659465,-1.4903391355245983,1
537,2.903985233714435,-0.8136179384015625,0
538,4.2894489098088,-0.0810408703093285,1
539,-0.5775148319447305,-1.7118532361327297,0
540,3.4758476841276744,-3.795923103661454,1
541,-2.1516408642945994,-4.396243773681272,1
542,4.717869478818297,-2.1405976545489844,1
543,-4.673668850197119,0.890506388826064,0
544,6.248548301786148,-5.849382939643144,1
545,-0.6028897826429891,7.576334744420468,0
546,0.701781799390682,-0.8502486103038307,1
547,0.15198527865401612,2.446414136858279,0
548,1.5758122157932921,-4.5324112828239125,1
549,1.406969269687112,-7.508539809725126,1
550,-4.174360740969136,7.993135823381314,0
551,-1.841110320752131,3.662226174999592,0
552,3.3964795194129316,-3.300333056559361,1
553,1.8159628068660325,1.51744191981271,1
554,-3.2622064981826355,-0.9779182198148548,1
555,0.6103371209991149,1.0378463089970007,0
556,-1.8007806883021122,5.637049231192441,0
557,7.810755304567527,-4.833548787652505,1
558,-5.164756492918746,5.110797094238066,0
559,0.8608590278931526,4.472892618141772,0
560,0.43957599569368533,-0.5404782077601227,1
561,2.94511628091091,7.582752580799255,0
562,-0.283529762790957,-3.3456018187841488,1
563,-2.602178135498016,1.01144961857845,0
564,5.885834473392799,-2.146613256723959,1
565,-2.296574695832689,6.04206809092282,0
566,-3.323399052656474,2.5938091012144544,0
567,-0.18573049636607375,-3.6166378655315725,0
568,-4.86637933485615,-0.23633041615891293,0
569,-0.5979543247006617,1.694411734900691,0
570,-2.584698743547413,6.889484150547656,0
571,0.8012780999298781,-2.4425657507573555,1
572,-6.512213098307608,4.464484536124206,0
573,-0.1442639650029891,-5.1663879996015325,1
574,0.4641114168725792,3.992215169523949,0
575,-5.554782477319613,3.059935441089176,0
576,-2.5917348571539893,0.254134525692872,0
577,-1.8046597524221744,3.5752082412738937,0
578,-1.7187696597633908,2.7456396559516887,0
579,2.4355991195433164,-3.1602757364844973,1
580,3.6509429537608273,-7.422003747991235,1
581,-1.999404679152656,1.9598654992846627,0
582,-1.0748276993189336,-1.726540117354456,1
583,-1.2387360792318223,2.6081988369523903,0
584,-4.297045042978947,5.070411308629226,0
585,-0.6830402681537298,-0.8184288983883923,1
586,3.8158755684110015,-1.137976535316164,1
587,-7.152255391812867,1.9927543126095077,0
588,-5.663657367829347,-0.9782337574979214,0
589,0.7446347276125347,0.9427394166432872,0
590,2.0057743800536216,-0.7738867420668516,1
591,-3.461858940789889,1.0374739575279275,0
592,0.07290261946435833,-7.837466845878662,1
593,1.52187429425253,4.025119324861032,1
594,-2.839927817177716,2.5716667811408045,0
595,2.809445498869679,-1.46897282850748,1
596,0.17731319160215736,2.843846854121845,0
597,-1.1156455855307934,5.865146909205611,0
598,3.032003550486726,-1.8902815536236717,1
599,-2.0943044311836845,0.6117568812988657,0
600,-1.2883040416563767,-1.8711381261502904,1
601,-5.93835366450828,3.1384863441225623,0
602,3.102771519689653,3.018973172993383,1
603,-1.8031193941158865,-0.9908664052475419,1
604,3.805568160269253,-3.087511373292879,1
605,-4.550240754825232,2.171933544723461,0
606,1.9490299959204143,0.5098265081247195,0
607,-1.4761089003295573,7.207063501546093,1
608,0.9523645235156222,-4.588391513265955,1
609,-4.90128621350005,-4.872429017439274,1
610,3.6592746420562716,-2.1479567937813213,1
611,-3.1899765982851784,6.236884678846764,0
612,3.0330472937443167,3.7219096161951692,0
613,-2.3907062300824142,3.9027425033092435,0
614,1.4133543492217764,5.03220567521321,0
615,1.517763664300143,3.097351019939574,1
616,-1.6317043297669191,3.409996131856122,0
617,5.391283336756959,-2.6696793598034283,1
618,2.784894953847626,-3.5323672320011585,1
619,-1.9297059188394579,-1.9442411330153688,0
620,6.676049418601414,-0.5540344112728897,1
621,3.063719467845339,1.731870585422413,0
622,2.0234224595701096,4.499995333897555,0
623,5.68991724275714,-5.754417415986605,1
624,-2.9154489540227226,3.502854524459102,0
625,-1.491057661348089,0.3382825851408069,1
626,4.677887292640477,-4.912286922039714,0
627,-0.08234590711070622,-2.220791664332342,1
628,3.1814043015382856,1.7877666687197027,1
629,0.3074364085996058,1.7190586068002638,0
630,0.4688735491084375,1.154581453795865,0
631,-1.7297420432071262,5.517232681220199,0
632,-4.8455488066101235,2.5854656227078134,0
633,7.425828313768319,-3.403610341084396,1
634,-2.0978033210434774,-4.470353809548625,0
635,1.0434446770358279,7.933888752689913,0
636,6.790151522984001,-6.062107480433546,1
637,3.6143991440690693,-2.8979913274745246,1
638,-6.845126774928481,1.385357849151936,0
639,-2.217649110785332,2.455441447910946,0
640,1.1817239201405536,-2.9568057482063583,1
641,1.955550831814741,-3.4180382799731346,1
642,-3.8838268940550016,5.101473680608134,0
643,2.8673146603564743,-1.8691736841484123,0
644,-5.310109706558689,-2.501860723162855,0
645,0.8240154971212587,5.590191526797056,0
646,4.652821949035604,-0.08773982533958824,1
647,-2.5717246242331173,4.308845677381045,0
648,5.28766508148255,-9.56503041698651,1
649,-0.4056999589353672,10.311137391067778,0
650,-2.460354351839196,4.387635526209629,0
651,3.107330518465142,0.5502355167691534,1
652,-1.8257455916191865,4.58062563311497,0
653,-4.322775010542842,1.6440168721019386,1
654,4.222498442246071,-3.0923898441762017,1
655,9.835173591770516,-5.822361286349558,1
656,-2.3222846754046316,-4.0226707342519425,1
657,-0.11758703379913826,-1.8311649352544823,0
658,2.086436975413654,2.2641620149293873,0
659,-0.7645165996539309,-3.1820248744000508,1
660,2.943622582690816,-4.560280222793608,1
661,5.41341497869307,0.40003578293571707,0
662,-2.649212022206391,1.3827105458555038,0
663,1.0822619892713212,-1.3644424665532817,1
664,-5.659896776447911,3.3870996084448395,0
665,-2.980235807788943,2.627823526512886,0
666,-4.973243281949461,4.6856767171845455,0
667,-1.189511487278478,-5.388655718787842,1
668,-0.9162687963367206,0.4570950759766976,0
669,-9.316717152045916,1.3048436540724972,0
670,2.096942286104947,-5.000393487853277,1
671,-0.1223702059166687,-0.8508328482740224,1
672,2.6159507601644094,-1.7203701284391357,1
673,-1.360690685600225,4.270417270054225,0
674,0.9816894169351593,-0.637580999698379,1
675,1.096435479285414,2.1942447880744083,0
676,-6.774210160209273,2.75623567556428,0
677,0.9766729182783928,2.6253284734415754,0
678,2.782950150802117,-4.781378978432975,1
679,2.3059513728488663,2.52660510464617,1
680,-0.008194265819593927,-3.4882186921957623,1
681,-5.24519595867447,5.798203555230786,0
682,-0.4201846648135845,7.520817053076998,0
683,-7.561299650277928,-0.05550410868780653,0
684,1.9945663791329944,-2.233315862474228,1
685,3.7974497180999114,-3.5495261263955484,1
686,0.6456189119287703,-1.6217012798750199,1
687,-1.5748728501885532,-0.14581365153571624,1
688,4.321138763034189,-2.841756161409574,1
689,-1.8271067872185651,-7.470777837950433,1
690,-7.289208657232519,3.6082820039400607,0
691,-8.954087880138802,1.6585374827432513,0
692,5.694901232667661,-1.0015136042148376,1
693,3.902800780333056,-2.519033084873847,1
694,-8.94890792824463,4.332587199085865,0
695,0.993336844152862,-3.202721848117198,1
696,7.408581190638749,-0.08976155276121922,1
697,-0.7115504041781266,-1.5135580973249052,1
698,0.5179087353254904,1.8236083297525694,1
699,1.1242854063608538,-4.3716316715559405,1
700,-2.2560208806374034,5.683548450893943,0
701,4.700516204550332,-11.116892459584005,1
702,3.5742346920557333,-7.840484618485598,1
703,6.9165355769168,0.13486813596708203,1
704,-6.877735705998401,-1.0092991200587613,0
705,1.5420565923292038,4.200137168058246,0
706,-5.511442399390795,-2.2221888262080376,1
707,3.4270182894398133,2.109225047288195,1
708,-6.191218276530552,-3.8379943850834035,0
709,-6.710979937660959,4.56157181349167,0
710,-1.27950609892335,-7.831128522332781,1
711,-2.858380618158951,2.2772839384811805,0
712,3.4941959693529414,1.7025133643789712,0
713,-5.4142366042824905,-4.727543267193224,0
714,2.703845167522922,-1.678466016149744,1
715,-2.2589152633654415,4.140279685943836,0
716,-3.5553357919254758,-0.9586951997344647,0
717,-0.9626513825906483,4.694799872557093,0
718,0.8375604469774156,4.551755347886791,0
719,2.173605065340095,3.597622135302396,0
720,-1.3272048658884175,-4.590429535474111,1
721,2.555926212604339,3.2823035166061305,0
722,-0.8697328980840737,-8.65708839477399,1
723,1.7957638196315524,-1.5506437705948408,1
724,2.932124581586398,-4.603634301234264,1
725,-8.636354925349941,4.0527026300136475,0
726,-1.8292810559281882,1.7532989220370372,0
727,-0.1335013314033353,-4.6478250915822725,1
728,3.230657208084034,-1.3152234906732811,1
729,-1.020893754434404,2.1863566700756984,0
730,1.393789816347816,-1.2767149688622441,0
731,-4.2933562509293175,2.595479013230629,0
732,-6.775787506789829,3.0520867099717357,0
733,3.7349459489899237,2.306381350536209,1
734,0.9642126426507107,-2.3264415215944183,1
735,1.4735234493932594,-1.9570388065022164,1
736,0.9906370153623217,5.126700136778279,0
737,-0.25261003746082206,-1.6255519563516212,1
738,0.7518931627916383,3.8357976771395457,0
739,6.329102646125733,-1.3355794619327501,1
740,-3.3484474566847444,8.858009177931116,0
741,1.5907946896183804,-1.6559450431017904,0
742,0.166826227248912,2.6213664373298773,0
743,5.967406124614575,-4.570217310929717,1
744,-4.238332339767792,2.671417592994764,0
745,1.8648246212910506,-7.646596269517543,1
746,-4.491331185634381,0.11190767345113928,0
747,2.7392199595717415,-9.147770879482598,1
748,-1.589688713583828,-3.2418163789410364,1
749,0.9613498082834359,-1.2345134706594572,1
750,-4.938863432829095,-0.18777479718936918,0
751,0.8753647286228998,-2.585975176741049,1
752,0.4221297631077008,-0.33823469910059667,0
753,0.054550248256620804,7.833429021003349,0
754,-3.7289359190095377,2.7450021807758036,0
755,6.480628479002467,1.2694097959728294,1
756,8.345927950441354,0.22640995867646074,1
757,-0.2577884558308816,-3.750724560076859,1
758,-0.5223631560968086,7.580307908746637,0
759,6.14206943948896,0.3418863006079955,0
760,-7.5137637087137135,1.940941614547037,0
761,-1.6656133120577485,-4.852539497739821,1
762,-4.840232025500642,4.708749872003759,0
763,0.1139504170685679,-0.08172402759297821,0
764,4.374582491105249,-8.916943031522111,1
765,-0.38649697677000194,-2.0535573876119413,1
766,1.8135370653945975,0.9525087012970461,0
767,0.6006244367003637,3.793192394923636,0
768,-7.893183459650064,3.555053628792873,0
769,1.6179707695109644,-7.041579229699809,1
770,-4.725491803423445,0.48649472523773407,0
771,-0.4820721419211713,4.037846435767961,0
772,-2.007891324950834,-1.8626055198467764,1
773,-6.759076851704101,4.3310345821164145,0
774,-6.1165177022844235,7.124221477503268,0
775,1.0017922974786768,-0.6151568264219474,0
776,2.713278065893168,-3.821704238882191,0
777,-2.775955199216572,1.04873813983495,0
778,0.5756930149548063,-2.418532056311882,1
779,-5.126389442466915,-0.752104324491109,0
780,2.1594055033850044,-6.099786940756172,1
781,-0.24472371607998383,6.625882441676188,0
782,-5.477263858846852,3.764462457843285,0
783,1.529681400748355,5.502624928914242,0
784,5.593836821655586,0.9426678159250811,0
785,6.057622747367386,-8.714286908940945,1
786,1.3169053513875992,-2.6121482507727314,1
787,-2.6021117166670904,-7.906548922103205,1
788,-3.055611313648075,-6.479437249493472,1
789,-1.2346647719589243,3.3739152197200113,0
790,0.9882792031793527,-8.694790005181773,1
791,-0.5057773518239048,0.2301209341466336,1
792,-0.15655264231295543,-4.234406107421332,1
793,2.776631237305838,9.16388010508649,1
794,2.168084047531793,-3.881119854206607,1
795,2.893519847040971,3.023619150366221,0
796,-2.6372070832570307,1.473252742132372,0
797,0.6426039624432713,-3.9550394454123783,1
798,3.234446205454874,7.031029967876952,0
799,-3.2902262725512097,-1.9024766743482437,0
800,0.9534542431347832,-0.08564683635639829,1
801,-3.4080119006248513,3.5702972182997508,0
802,-0.017323603277308308,-2.665428004451444,1
803,4.849155140492806,-1.1377471409722641,1
804,-7.710391577639006,9.150521637555178,0
805,-1.353276850772405,6.784812938835006,0
806,2.5946056473123296,-1.4222292591941825,1
807,0.3519529000854299,-7.802677100489488,1
808,-1.4178559364078303,1.9452061502089268,1
809,-1.7903534904339193,4.074731873586005,0
810,6.230742926172175,1.8296074743915487,1
811,-4.724624764800781,-1.4065732249005694,0
812,0.6891068937427276,-3.800703180144579,1
813,-1.2707804093987782,-4.061645879222649,1
814,-4.487574634046664,2.567260962943045,0
815,-1.0923133017349902,-1.0831768633519963,1
816,-2.1102929627926845,1.4021984788436526,0
817,-2.8510713728321275,-1.1713082968891224,0
818,6.0173870781002545,-0.9939799812866088,1
819,-4.901617000236483,3.785482727946401,0
820,-0.9356666360211054,3.1435395460513034,1
821,3.1090694840367994,-0.8565458070808089,1
822,2.510816243848829,3.530406718934874,0
823,0.9051803658309048,-2.949394644055637,1
824,-0.40964525571256805,4.505226644109355,0
825,-0.9154547735563437,-5.3390983733033925,1
826,-4.945563304867974,5.882993518512613,0
827,4.763063444630932,-2.676509908140201,1
828,1.7378505540558447,1.34360305764824,0
829,3.9677572341284026,1.438839299802469,1
830,2.622864807999927,-0.028271711585024728,1
831,0.4033548274292067,-2.5903732093871343,1
832,0.953402649602416,-1.6595344160705023,1
833,3.977190908510032,-5.046016425141996,1
834,6.51387877217298,3.1948742429362604,1
835,-1.2786565685979814,6.740546915821097,0
836,2.8034930757941137,8.6208434110913,0
837,1.2121706372047352,-2.7453799346305283,0
838,1.7275325660324832,0.612895199485698,1
839,-9.098542594595008,1.8546876505356797,0
840,4.343295659668502,-3.4437849440955084,1
841,-4.52994755764837,1.5401040843798888,0
842,-3.399127766547149,2.789073024205459,0
843,1.2944733231660777,-5.017198681849414,1
844,3.9700796066672672,2.798409607562847,0
845,5.536239731281949,-5.431206820005487,1
846,-0.6268944499006708,3.257211031155085,0
847,4.384290309546833,-2.0256434857394363,1
848,1.5607999487415118,3.7368836509629477,1
849,4.233242697033077,2.692505794508289,0
850,-0.29876385175429854,5.435180033877835,0
851,5.881987768313905,-8.522409724880902,1
852,4.816622980547733,-3.573081144065576,1
853,-5.117239145866859,2.240992498410551,0
854,-6.805852772313139,0.8871664857858701,0
855,4.430363364191917,-1.7688926188527205,1
856,2.842403440573955,0.8009093081772507,1
857,-2.301005588094673,-2.9866660654498824,1
858,-0.27635719992502006,-7.961083165873248,1
859,2.2264802977352955,-8.115231621644046,1
860,0.6977111493086737,-5.835782229417079,0
861,-1.7373143899936943,-3.3996253787985813,1
862,-3.250405142435687,3.114235496207873,0
863,-0.4510884362905223,2.482679277227687,0
864,1.3116394790224248,0.739263503664155,0
865,0.3683391057893105,-2.112277230592563,1
866,3.8342008276351,-0.6125857401034176,1
867,-2.941694926920672,4.058797763181089,0
868,-0.05354047560881109,0.3301686239685969,0
869,4.096443196731959,-1.1749276612641655,1
870,-2.9631912837479524,4.832111617630381,0
871,9.357077224347053,-5.474179798488159,1
872,-4.58819231745365,7.399352359686301,0
873,2.9751807916668565,-7.795845222238447,1
874,6.339571763392636,-0.8389435351498684,1
875,-0.2184727665603381,4.488483510983331,0
876,-4.82070421203492,8.440962354281666,0
877,-7.237086357235157,0.9863427822098747,0
878,0.4239817109492905,3.865680440536732,1
879,5.164998850739895,-3.8553160086055214,1
880,2.235375804076585,1.8540826253935583,1
881,0.6141277275421075,-4.143789934288154,1
882,-1.749451494135812,1.9052100784242536,0
883,0.36579522561388733,3.820424393218949,0
884,0.9994998496153358,-2.239569366195481,1
885,1.3685773461082595,-3.826589232046807,1
886,-4.643957497391352,3.383660665105043,0
887,-4.32348016407647,-3.6136136860840846,1
888,5.720177711889551,-2.0326011423611723,1
889,3.7814365323354617,-0.7045422024054953,1
890,-0.8088951863415953,2.9180862076596914,0
891,-0.1610521675587524,5.7182198390035985,1
892,-0.042987614407608454,-1.9869151380402605,0
893,-5.207006869913342,-0.26064932303611643,0
894,-3.488677640224599,-1.4809370097541723,0
895,-2.800421315743571,8.947108386094627,0
896,0.7776282150814273,3.1895128730108606,0
897,3.020106148807031,-0.17482808301166114,1
898,-8.833212195262192,6.421024987237062,0
899,-2.0572932566237716,1.6937710157683428,0
900,-0.7490230406414443,-2.2770952052321864,1
901,4.873708748941002,-5.17587442094881,1
902,-3.2825168049992115,4.432895005490789,0
903,-5.156162633092716,8.55095871783613,0
904,-0.16906107115827096,-4.512271466773158,1
905,2.923445358286134,-2.337993054479501,1
906,-0.3996103990484965,-2.6788237104295662,0
907,-3.5270224058385673,-3.757734083615875,0
908,-5.588796929467501,1.2075366461964239,0
909,-4.449468730587499,1.3293232485252175,0
910,2.547337566328492,-0.08818661141332351,0
911,5.5432166126905384,-2.630219696214475,1
912,-1.8622508636361756,1.5742354474712983,0
913,2.156255486183764,-8.080273930430819,1
914,1.59729806232066,-0.5234336709342171,0
915,5.380139481612472,-9.373105839160829,1
916,0.4603258986999397,-3.6370749949284993,1
917,-2.2507396400723483,12.813869904599326,0
918,-5.928109298348971,3.1631128013136065,0
919,-2.984732732619861,-0.1668016163065733,0
920,-2.901603642707905,4.678020062747656,0
921,1.812053921322226,-1.1273807739193495,1
922,7.300026995672201,-1.281230520200089,1
923,2.387691278109263,-5.176910847233917,1
924,-7.589726214899642,1.8520661388290707,0
925,0.7835114575916535,-3.973357700696333,1
926,-2.4550663824781687,1.0122299720467198,1
927,0.4167312309731934,-4.861583568236982,1
928,-9.024487177073238,1.8700113165224315,0
929,4.440129320921511,-3.756804479995892,1
930,0.8282234681742988,-5.156393042653324,1
931,2.6233497593685176,-2.9472289580308635,1
932,3.1783308461987376,-2.584013228528571,1
933,-4.0584650182209865,-0.2170958243378609,0
934,-0.9904277833865724,0.5950627712372397,0
935,9.25791019377071,-2.7725239503329973,1
936,1.0305500078045775,-2.774913897705668,1
937,-2.620583453153518,6.911362690527428,0
938,-1.9492115761687465,-5.859844830834291,1
939,0.7280204652315032,-0.00034519371224112083,1
940,2.151507407299557,0.1354087711537788,1
941,1.7774360452961175,2.373171970858232,0
942,-4.978716661724328,3.1495231298463304,0
943,-0.44260758129164507,1.365984692396872,1
944,-2.036546866088272,3.5729412749091196,0
945,3.2154856721161265,-1.4685975448618982,1
946,-0.3142074465962579,-1.8442317018630325,1
947,-0.9975636172812197,4.83178135573127,0
948,-4.162748054618457,-0.11451481420169962,0
949,-4.739625152101171,-0.41420734864286857,0
950,-4.062716351869176,-1.0675235839374912,0
951,0.39576587102045047,-2.5661854636963732,0
952,3.2121109626012174,-1.452188137912802,1
953,0.16810547113198426,8.43049004369549,0
954,5.291500054209655,-2.148379755865832,1
955,-3.060730402557201,1.2556491319129133,0
956,1.9962964801223313,4.670339672757466,0
957,-0.43368995190518767,-1.0548787399996007,0
958,-2.799357064647324,4.579667599890993,0
959,3.900895749677575,-4.187307444991895,1
960,-1.6885902352158104,-4.212004446358656,1
961,7.00652581215579,-2.075451349139487,1
962,2.0434320239432426,-2.92482204438676,1
963,3.3095365159381482,-6.144150838777421,1
964,5.93643991832713,-7.134928103986452,1
965,-3.6295515049739273,3.421843730420249,0
966,-1.0993475547913965,2.6851422265914273,0
967,-3.7579186304440237,-1.2717992681940502,0
968,-2.4604522630815087,5.1971794050420765,0
969,0.6547221358556807,-7.339597121006831,1
970,1.7122684517378777,1.0112072789364348,0
971,5.702308545974942,-2.315489826137434,1
972,4.100172017423282,-7.62369300834197,1
973,-1.4229406771868713,0.3191985063456658,0
974,4.940684080968681,0.8155599153002495,1
975,-0.641541732232823,4.846013377489407,0
976,-3.419753854855913,4.133244774158937,0
977,0.0995080511993558,5.538952933294963,0
978,-5.77156043510258,-1.1092395472606311,0
979,7.279763392465307,-3.9063040045204263,1
980,-2.7947104816236323,-2.3922668931121147,0
981,-4.073757818172366,3.291737476539355,0
982,-1.5737914626408707,-0.23082578861298625,0
983,1.8994959646222762,1.3953223982594483,1
984,-5.847895244698741,2.289763245448796,0
985,-2.324009656786723,6.355160707926922,0
986,-4.244365684019314,1.8190336770269337,0
987,-3.161733477310884,0.9354384339281692,0
988,-1.0651282504818518,-1.5065670087826124,0
989,1.1243978663821221,0.578323493825452,0
990,-0.8321453719493401,-3.2313341977406917,1
991,-6.983735531434698,7.4818266690973525,0
992,-2.1240344352772498,2.956672149458246,0
993,0.6975800577410602,-1.0150751130533369,0
994,-5.527188679860157,6.889551035823561,0
995,2.2492055098144035,-4.610164187503383,1
996,-2.03038761154201,-2.056233109240342,1
997,4.968572615155404,-4.559152398525563,1
998,-3.5368872373409217,7.022069895174511,0
999,3.24724554097922,0.8936921010958583,1
